school_name,school_type,address,homepage
가락고등학교,고등학교,서울특별시 송파구 송이로 42,http://garak.sen.hs.kr
가재울고등학교,고등학교,서울특별시 서대문구 수색로 100-35,http://www.gajaeul.hs.kr
강동고등학교,고등학교,서울특별시 강동구 구천면로 572,http://kangdong.sen.hs.kr
강서고등학교,고등학교,서울특별시 양천구 목동중앙남로 27,http://gangseo.sen.hs.kr
강서공업고등학교,고등학교,서울특별시 강서구 방화대로47길 9,https://gangseo-th.sen.hs.kr/
강일고등학교,고등학교,서울특별시 강동구 아리수로98길 40,http://www.gang-il.hs.kr
개포고등학교,고등학교,서울특별시 강남구 개포로 402,http://www.gaepo.hs.kr
건국대학교사범대학부속고등학교,고등학교,서울특별시 광진구 능동로 120,http://konkuk.sen.hs.kr
경기고등학교,고등학교,서울특별시 강남구 영동대로 643,http://kyunggi.hs.kr/
경기기계공업고등학교,고등학교,서울특별시 노원구 공릉로 264,http://www.ggmt.hs.kr
경기상업고등학교,고등학교,서울특별시 종로구 자하문로 136,http://ggc.sen.hs.kr
경기여자고등학교,고등학교,서울특별시 강남구 삼성로 29,http://www.kgg.hs.kr
경동고등학교,고등학교,서울특별시 성북구 보문로29길 49,www.kyungdong.hs.kr
경문고등학교,고등학교,서울특별시 동작구 동작대로 171,http://kyungmoon.sen.hs.kr
경복고등학교,고등학교,서울특별시 종로구 자하문로28가길 9,http://kyungbock.sen.hs.kr
경복비즈니스고등학교,고등학교,서울특별시 강서구 화곡로 379,http://kbb.sen.hs.kr
경복여자고등학교,고등학교,서울특별시 강서구 화곡로63길 40,http://www.kb.hs.kr
경성고등학교,고등학교,서울특별시 마포구 성미산로 111,http://www.gyeongseong.hs.kr
경신고등학교,고등학교,서울특별시 종로구 혜화로 74,http://kyungshin.hs.kr
경인고등학교,고등학교,서울특별시 구로구 경인로46길 31,http://kyeongin.sen.hs.kr
경일고등학교,고등학교,서울특별시 성동구 성수일로 27,http://kyungil.sen.hs.kr
경희고등학교,고등학교,서울특별시 동대문구 경희대로 26,http://www.kyungheeboy.hs.kr/
경희여자고등학교,고등학교,서울특별시 동대문구 경희대로 26,http://kyunghee.sen.hs.kr
계성고등학교,고등학교,서울특별시 성북구 길음로 63,gyeseong.sen.hs.kr
고려대학교사범대학부속고등학교,고등학교,서울특별시 성북구 정릉로 161,https://koreahi.sen.hs.kr
고명외식고등학교,고등학교,서울특별시 성북구 북악산로 870,http://komyung.sen.hs.kr
고척고등학교,고등학교,서울특별시 구로구 중앙로15길 162,http://gocheok.sen.hs.kr
공항고등학교,고등학교,서울특별시 강서구 방화대로34길 43,http://www.konghang.hs.kr
관악고등학교,고등학교,서울특별시 영등포구 영등포로6길 26,http://kwan-ak.hs.kr
광남고등학교,고등학교,서울특별시 광진구 아차산로70길 17-16,http://www.gwang-nam.hs.kr
광문고등학교,고등학교,서울특별시 강동구 동남로 968,http://gwangmun.sen.hs.kr
광성고등학교,고등학교,서울특별시 마포구 신수로8길 20,http://kwangsung.sen.hs.kr
광신고등학교,고등학교,서울특별시 관악구 광신길 141,http://www.kwangshin.hs.kr
광신방송예술고등학교,고등학교,서울특별시 관악구 광신길 141,http://ksmedia.sen.hs.kr
광양고등학교,고등학교,서울특별시 광진구 자양로3가길 31,http://www.gwangyang.hs.kr
광영고등학교,고등학교,서울특별시 양천구 남부순환로30길 17,http://www.ky.hs.kr
광영여자고등학교,고등학교,서울특별시 양천구 남부순환로30길 17,http://www.kyg.hs.kr
광운인공지능고등학교,고등학교,서울특별시 노원구 광운로1길 24,http://kwangwoon.sen.hs.kr
구로고등학교,고등학교,서울특별시 구로구 가마산로27길 45,http://guro.hs.kr
구암고등학교,고등학교,서울특별시 관악구 성현로 57,http://www.guahm.hs.kr
구일고등학교,고등학교,서울특별시 구로구 구일로 90-51,http://www.guil.hs.kr
구현고등학교,고등학교,서울특별시 구로구 경인로53가길 17,http://www.guhyun.hs.kr
국립국악고등학교,고등학교,서울특별시 강남구 개포로22길 65,http://gugak.sen.hs.kr
국립전통예술고등학교,고등학교,서울특별시 금천구 시흥대로38길 62,http://kugak-am.hs.kr
금옥여자고등학교,고등학교,서울특별시 양천구 신정로 213,http://www.geumok.hs.kr
금천고등학교,고등학교,서울특별시 금천구 시흥대로38길 26,http://Geumcheon.sen.hs.kr
금호고등학교,고등학교,서울특별시 성동구 금호로 118,http://geumho.sen.hs.kr
남강고등학교,고등학교,서울특별시 관악구 난곡로34길 80,http://www.namkang.hs.kr
노원고등학교,고등학교,서울특별시 노원구 노원로 586,http://nowon.sen.hs.kr
누원고등학교,고등학교,서울특별시 도봉구 마들로 849,http://www.noowon.hs.kr
단국대학교부속소프트웨어고등학교,고등학교,서울특별시 강남구 도곡로64길 21,http://dankook.sen.hs.kr
단국대학교사범대학부속고등학교,고등학교,서울특별시 강남구 도곡로64길 21,http://www.dan-kook.hs.kr
당곡고등학교,고등학교,서울특별시 관악구 봉천로21길 108,http://www.danggok.hs.kr
대경생활과학고등학교,고등학교,서울특별시 중구 매봉18길 111,http://daekyeong.sen.hs.kr
대광고등학교,고등학교,서울특별시 동대문구 안암로 6,http://www.dgh.hs.kr
대동세무고등학교,고등학교,서울특별시 종로구 계동길 84-10,http://daedong.sen.hs.kr
대성고등학교,고등학교,서울특별시 은평구 갈현로29길 51-24,http://dae-sung.sen.hs.kr
대신고등학교,고등학교,서울특별시 종로구 사직로 9,http://www.dae-shin.hs.kr/
대영고등학교,고등학교,서울특별시 영등포구 도림로86길 16,http://www.dy.hs.kr
대원고등학교,고등학교,서울특별시 광진구 용마산로22길 26,http://daewon.sen.hs.kr
대원여자고등학교,고등학교,서울특별시 광진구 용마산로22길 26,http://www.dwg.hs.kr
대원외국어고등학교,고등학교,서울특별시 광진구 용마산로22길 26,http://www.dwfl.hs.kr/
대일고등학교,고등학교,서울특별시 강서구 등촌로 105,https://daeil.sen.hs.kr/index.do
대일관광고등학교,고등학교,서울특별시 양천구 신정이펜1로 11,http://daeil-tour.sen.hs.kr
대일외국어고등학교,고등학교,서울특별시 성북구 서경로 116,www.daeil.or.kr
대진고등학교,고등학교,서울특별시 노원구 공릉로62가길 47,http://www.dae-jin.hs.kr
대진디자인고등학교,고등학교,서울특별시 강남구 광평로39길 93,http://www.daejindesign.hs.kr
대진여자고등학교,고등학교,서울특별시 노원구 공릉로 438,http://www.daejinw.hs.kr
덕성여자고등학교,고등학교,서울특별시 종로구 율곡로3길 50,http://duksung.sen.hs.kr
덕수고등학교,고등학교,서울특별시 송파구 위례북로 10,https://duksoo.sen.hs.kr/
덕원여자고등학교,고등학교,서울특별시 강서구 강서로45길 91-44,http://deokwon.sen.hs.kr
덕원예술고등학교,고등학교,서울특별시 강서구 강서로45길 91-44,http://www.dwarts.hs.kr
덕일전자공업고등학교,고등학교,서울특별시 구로구 서해안로21길 5-12,http://di.sen.hs.kr
도선고등학교,고등학교,서울특별시 성동구 마장로 156,http://dosun.sen.hs.kr
독산고등학교,고등학교,서울특별시 금천구 문성로 64,http://doksan.sen.hs.kr
동국대학교사범대학부속고등학교,고등학교,서울특별시 동대문구 장안벚꽃로 201,http://ddbk.sen.hs.kr
동국대학교사범대학부속여자고등학교,고등학교,서울특별시 광진구 광나루로36길 47,http://donggukgirls.hs.kr
동덕여자고등학교,고등학교,서울특별시 서초구 효령로2길 123-5,http://dongduk.sen.hs.kr
동명생활경영고등학교,고등학교,서울특별시 은평구 통일로 793,http://dmgcab.sen.hs.kr/
동명여자고등학교,고등학교,서울특별시 은평구 통일로 793,http://dongmyung.sen.hs.kr
동북고등학교,고등학교,서울특별시 강동구 강동대로 305,http://dongbuk.hs.kr
동성고등학교,고등학교,서울특별시 종로구 대학로 156,http://www.dongsung.hs.kr
동양고등학교,고등학교,서울특별시 강서구 허준로 50,http://www.dongyang.hs.kr
동일여자고등학교,고등학교,서울특별시 금천구 탑골로10길 45,http://www.dongilg.hs.kr
동작고등학교,고등학교,서울특별시 동작구 솔밭로 51,http://dongjak.sen.hs.kr
둔촌고등학교,고등학교,서울특별시 강동구 명일로 140,https://doonchon.sen.hs.kr/
등촌고등학교,고등학교,서울특별시 강서구 공항대로39길 115,http://www.dch.hs.kr
리라아트고등학교,고등학교,서울특별시 중구 소파로2길,http://www.lila.hs.kr
마포고등학교,고등학교,서울특별시 강서구 화곡로 403,http://www.mapo.hs.kr
면목고등학교,고등학교,서울특별시 중랑구 용마산로72길 36-14,http://mmhs.sen.hs.kr
명덕고등학교,고등학교,서울특별시 강서구 강서로47길 34-10,http://myungduk.sen.hs.kr
명덕여자고등학교,고등학교,서울특별시 강서구 강서로47길 34-10,mdgh.sen.hs.kr
명덕외국어고등학교,고등학교,서울특별시 강서구 강서로47길 34-10,http://www.mdfh.or.kr
명일여자고등학교,고등학교,서울특별시 강동구 명일로 350,http://www.myungil.hs.kr
명지고등학교,고등학교,서울특별시 서대문구 명지2길 56,http://www.myongjigo.net/
목동고등학교,고등학교,서울특별시 양천구 목동동로2길 68,https://mokdong.sen.hs.kr/
무학여자고등학교,고등학교,서울특별시 성동구 고산자로 197,http://www.muhak.hs.kr
문일고등학교,고등학교,서울특별시 금천구 시흥대로47길 45,http://moonil.hs.kr
문정고등학교,고등학교,서울특별시 송파구 송이로34길 62,http://mj.sen.hs.kr
문현고등학교,고등학교,서울특별시 송파구 충민로 115,http://munhyeon.sen.hs.kr
미래산업과학고등학교,고등학교,서울특별시 노원구 덕릉로82길 54,http://www.mist.hs.kr
미림마이스터고등학교,고등학교,서울특별시 관악구 호암로 546,http://www.e-mirim.hs.kr
미림여자고등학교,고등학교,서울특별시 관악구 호암로 546,http://www.mirim.hs.kr
반포고등학교,고등학교,서울특별시 서초구 고무래로 71,http://banpo.sen.hs.kr
방산고등학교,고등학교,서울특별시 송파구 오금로27길 18,http://bangsan.sen.hs.kr
배명고등학교,고등학교,서울특별시 송파구 삼학사로 11,http://www.bm.hs.kr
배문고등학교,고등학교,서울특별시 용산구 효창원로 258,http://www.baemoon.hs.kr
배재고등학교,고등학교,서울특별시 강동구 고덕로 227,www.paichai.hs.kr
배화여자고등학교,고등학교,서울특별시 종로구 필운대로1길 34,http://paiwha.sen.hs.kr/
백암고등학교,고등학교,서울특별시 양천구 신정로13길 16,http://baegam.sen.hs.kr
보성고등학교,고등학교,서울특별시 송파구 양재대로 1278,http://posung.sen.hs.kr
보성여자고등학교,고등학교,서울특별시 용산구 신흥로3가길 66,http://www.bosung.hs.kr
보인고등학교,고등학교,서울특별시 송파구 오금로49길 18,http://www.boin.hs.kr
불암고등학교,고등학교,서울특별시 노원구 중계로 155,http://www.buram.hs.kr
삼각산고등학교,고등학교,서울특별시 강북구 삼양로19길 40,http://samgaksan.hs.kr
삼성고등학교,고등학교,서울특별시 관악구 신림로 41,http://www.samsung.hs.kr
상계고등학교,고등학교,서울특별시 노원구 노해로 432,http://sanggye.sen.hs.kr
상명고등학교,고등학교,서울특별시 노원구 덕릉로 553,http://www.sangmyung.hs.kr
상명대학교사범대학부속여자고등학교,고등학교,서울특별시 종로구 홍지문2길 20,http://sangmyung-agh.hs.kr
상문고등학교,고등학교,서울특별시 서초구 명달로 45,http://www.sangmoon.hs.kr
상암고등학교,고등학교,서울특별시 마포구 월드컵북로 445,http://www.sangam.hs.kr
상일미디어고등학교,고등학교,서울특별시 강동구 천호대로219길 61,http://www.sangilmedia.hs.kr
상일여자고등학교,고등학교,서울특별시 강동구 천호대로219길 61,http://sangil.hs.kr
서라벌고등학교,고등학교,서울특별시 노원구 한글비석로5길 18,http://sorabol.sen.hs.kr
서문여자고등학교,고등학교,서울특별시 서초구 동광로12길 84,http://suhmoon.sen.hs.kr
서서울생활과학고등학교,고등학교,서울특별시 구로구 오리로 1355-10,http://ssls.sen.hs.kr
서울고등학교,고등학교,서울특별시 서초구 효령로 197,http://seoul.sen.hs.kr
서울공업고등학교,고등학교,서울특별시 동작구 대방동1길 46,http://seoul-th.sen.hs.kr
서울공연예술고등학교,고등학교,서울특별시 구로구 오리로22나길 16-26,http://sopa.hs.kr
서울과학고등학교,고등학교,서울특별시 종로구 혜화로 63,http://www.sshs.hs.kr
서울관광고등학교,고등학교,서울특별시 관악구 은천로15길 25,http://seoul-tour.sen.hs.kr
서울국제고등학교,고등학교,서울특별시 종로구 성균관로13길 40,http://sghs.sen.hs.kr
서울금융고등학교,고등학교,서울특별시 양천구 가로공원로61길 19,http://www.seoulfc.hs.kr
서울대학교사범대학부설고등학교,고등학교,서울특별시 성북구 월곡로 6,https://snu.sen.hs.kr/
서울도시과학기술고등학교,고등학교,서울특별시 성북구 종암로 196,http://www.sust.hs.kr
서울동구고등학교,고등학교,서울특별시 성북구 성북로8길 71,donggoo.sen.hs.kr
서울동산고등학교,고등학교,서울특별시 노원구 공릉로 257,http://seouldongsan.sen.hs.kr
서울디자인고등학교,고등학교,서울특별시 마포구 백범로 139,http://www.seodi.hs.kr
서울디지텍고등학교,고등학교,서울특별시 용산구 회나무로12길 27,http://www.sdh.hs.kr
서울로봇고등학교,고등학교,서울특별시 강남구 광평로20길 63,http://srobot.sen.hs.kr
서울매그넷고등학교,고등학교,서울특별시 금천구 탑골로10길 45,seoulmagnet.sen.hs.kr
서울문영여자고등학교,고등학교,서울특별시 관악구 관악로 85,http://www.moonyoung.seoul.kr
서울문화고등학교,고등학교,서울특별시 도봉구 마들로 598,http://seoulculture.sen.hs.kr
서울미술고등학교,고등학교,서울특별시 관악구 남부순환로247길 26,http://www.seoul-art.or.kr
서울방송고등학교,고등학교,서울특별시 성동구 동호로5길 131,https://seb.sen.hs.kr
서울세종고등학교,고등학교,서울특별시 강남구 광평로51길 36,http://www.seoulsejong.hs.kr/
서울신정고등학교,고등학교,서울특별시 강서구 등촌로13아길 20,http://shinjeong.sen.hs.kr
서울아이티고등학교,고등학교,서울특별시 노원구 섬밭로 299,http://www.seoulit.hs.kr
서울여자고등학교,고등학교,서울특별시 마포구 백범로25길 34,http://seoulgs.sen.hs.kr
서울여자상업고등학교,고등학교,서울특별시 관악구 관악로 85,http://sys.sen.hs.kr
서울영상고등학교,고등학교,서울특별시 양천구 목동로11길 46,youngsang.hs.kr
서울예술고등학교,고등학교,서울특별시 종로구 평창문화로 70,http://yego.or.kr
서울외국어고등학교,고등학교,서울특별시 도봉구 덕릉로66길 22,http://sfl.sen.hs.kr
서울웹툰애니메이션고등학교,고등학교,서울특별시 서초구 과천대로 852-23,https://swas.sen.hs.kr
서울의료보건고등학교,고등학교,서울특별시 중구 만리재로37길 30,http://smh.sen.hs.kr
서울인공지능고등학교,고등학교,서울특별시 송파구 양산로 21,https://seoulai.sen.hs.kr
서울정화고등학교,고등학교,서울특별시 동대문구 홍릉로15길 50,http://jeonghwa.sen.hs.kr
서울체육고등학교,고등학교,서울특별시 송파구 강동대로 232,http://seoul-ph.sen.hs.kr
서울컨벤션고등학교,고등학교,서울특별시 강동구 동남로 964,http://seoul-chs.sen.hs.kr
서울항공비즈니스고등학교,고등학교,서울특별시 강서구 방화대로34길 13,http://sab.sen.hs.kr
서일문화예술고등학교,고등학교,서울특별시 종로구 지봉로17길 49,http://seoil.sen.hs.kr
서초고등학교,고등학교,서울특별시 서초구 반포대로27길 29,http://seocho.sen.hs.kr
석관고등학교,고등학교,서울특별시 성북구 한천로70길 30,http://www.seokgwan.hs.kr
선덕고등학교,고등학교,서울특별시 도봉구 시루봉로 53,http://sunduck.sen.hs.kr
선린인터넷고등학교,고등학교,서울특별시 용산구 원효로97길 33-4,http://sunrint.sen.hs.kr
선사고등학교,고등학교,서울특별시 강동구 고덕로25길 17,http://www.sunsa.hs.kr
선유고등학교,고등학교,서울특별시 영등포구 선유로 227,http://seonyoo.sen.hs.kr
선일빅데이터고등학교,고등학교,서울특별시 은평구 갈현로29길 27,https://bigdata.sen.hs.kr/
선일여자고등학교,고등학교,서울특별시 은평구 갈현로29길 27,http://sunil.sen.hs.kr
선정고등학교,고등학교,서울특별시 은평구 서오릉로20길 19,http://www.sunjung.hs.kr
선정국제관광고등학교,고등학교,서울특별시 은평구 서오릉로20길 19,http://sjt.sen.hs.kr
선화예술고등학교,고등학교,서울특별시 광진구 천호대로 664,http://www.sunhwa.org
성남고등학교,고등학교,서울특별시 동작구 대방동길 74,http://www.sungnam.sen.hs.kr
성덕고등학교,고등학교,서울특별시 강동구 구천면로 396,http://ssd.hs.kr
성동고등학교,고등학교,서울특별시 중구 퇴계로90길 17,http://www.sungdong.hs.kr
성동공업고등학교,고등학교,서울특별시 중구 다산로 290,http://www.sdth.hs.kr
성동글로벌경영고등학교,고등학교,서울특별시 중구 퇴계로 375,http://sdglobal.sen.hs.kr
성보고등학교,고등학교,서울특별시 관악구 남부순환로156길 39,http://www.sungbo.hs.kr
성수고등학교,고등학교,서울특별시 성동구 서울숲길 18,http://seongsu.sen.hs.kr
성신여자고등학교,고등학교,서울특별시 성북구 동소문로26가길 80,http://www.sungshin.hs.kr
성심여자고등학교,고등학교,서울특별시 용산구 원효로19길 49,http://sacredheart.sen.hs.kr
성암국제무역고등학교,고등학교,서울특별시 강북구 도봉로29길 52,http://seongam.sen.hs.kr
세그루패션디자인고등학교,고등학교,서울특별시 도봉구 시루봉로 53,http://sfd.sen.hs.kr
세명컴퓨터고등학교,고등학교,서울특별시 은평구 통일로92가길 33,http://www.smc.hs.kr
세종과학고등학교,고등학교,서울특별시 구로구 오리로21길 79,http://www.sjsh.hs.kr
세현고등학교,고등학교,서울특별시 강서구 허준로 227,http://sehyun.hs.kr
세화고등학교,고등학교,서울특별시 서초구 신반포로 56-7,http://www.sehwa.hs.kr
세화여자고등학교,고등학교,서울특별시 서초구 신반포로 56-7,http://www.sehwa-gs.hs.kr
솔샘고등학교,고등학교,서울특별시 강북구 인수봉로 39,http://solsaem.sen.hs.kr
송곡고등학교,고등학교,서울특별시 중랑구 양원역로 50,http://sg.hs.kr
송곡관광고등학교,고등학교,서울특별시 중랑구 양원역로 67,http://www.sgi.hs.kr
송곡여자고등학교,고등학교,서울특별시 중랑구 양원역로 67,http://www.songgok.hs.kr
수도여자고등학교,고등학교,서울특별시 동작구 여의대방로10길 73,http://www.sudo-gh.hs.kr
수도전기공업고등학교,고등학교,서울특별시 강남구 개포로 410,http://sudo.sen.hs.kr
수락고등학교,고등학교,서울특별시 노원구 동일로245길 143,http://surak.sen.hs.kr
수명고등학교,고등학교,서울특별시 강서구 수명로2길 15,http://www.sumyeong.hs.kr
숙명여자고등학교,고등학교,서울특별시 강남구 남부순환로 2807,http://www.sookmyung.hs.kr
숭문고등학교,고등학교,서울특별시 마포구 숭문길 99,http://soongmoon.sen.hs.kr
숭실고등학교,고등학교,서울특별시 은평구 은평터널로7길 6,http://www.soongsil.net
숭의여자고등학교,고등학교,서울특별시 동작구 여의대방로36길 79,http://soongeui.sen.hs.kr
신광여자고등학교,고등학교,서울특별시 용산구 청파로 263,http://www.shinkwang.hs.kr
신도고등학교,고등학교,서울특별시 은평구 통일로 961,http://www.sindo.hs.kr
신도림고등학교,고등학교,서울특별시 구로구 경인로67길 159,https://shindorim.sen.hs.kr/
신림고등학교,고등학교,서울특별시 관악구 문성로 119,www.sillim.hs.kr
신목고등학교,고등학교,서울특별시 양천구 안양천로 739,http://shinmok.hs.kr
신서고등학교,고등학교,서울특별시 양천구 은행정로 42,http://sinseo.sen.hs.kr
신일고등학교,고등학교,서울특별시 강북구 솔매로49길 20,http://www.shin-il.hs.kr
신진과학기술고등학교,고등학교,서울특별시 은평구 은평로6길 16,http://shinjin.sen.hs.kr
신현고등학교,고등학교,서울특별시 중랑구 봉화산로 174,http://shinhyeon.sen.hs.kr
압구정고등학교,고등학교,서울특별시 강남구 압구정로39길 20,http://apgujeong.sen.hs.kr
양재고등학교,고등학교,서울특별시 서초구 남부순환로346길 9,http://yangjae.sen.hs.kr
양정고등학교,고등학교,서울특별시 양천구 안양천로 1039,http://www.yangchung.hs.kr
양천고등학교,고등학교,서울특별시 양천구 신정로14길 13,http://www.yangcheoncschool.net
언남고등학교,고등학교,서울 서초구 동산로13길 35,http://eonnam.sen.hs.kr
여의도고등학교,고등학교,서울특별시 영등포구 국제금융로7길 37,http://yeouido.hs.kr
여의도여자고등학교,고등학교,서울특별시 영등포구 국제금융로7가길 13,http://www.yeouido-gh.hs.kr
염광고등학교,고등학교,서울특별시 노원구 월계로45가길 9,http://yumkwang.hs.kr
염광메디텍고등학교,고등학교,서울특별시 노원구 월계로45가길 9,http://ykm.sen.hs.kr
영동고등학교,고등학교,서울특별시 강남구 선릉로 742,yd.sen.hs.kr
영동일고등학교,고등학교,서울특별시 송파구 석촌호수로 93,http://www.ydi.hs.kr
영등포고등학교,고등학교,서울특별시 동작구 등용로8길 5,http://www.ydp.hs.kr
영등포공업고등학교,고등학교,서울특별시 강서구 허준로5길 15,https://younggong.sen.hs.kr
영등포여자고등학교,고등학교,서울특별시 영등포구 영등포로62길 13,http://ydpg.hs.kr
영락고등학교,고등학교,서울특별시 관악구 청룡16길 25,https://yrgo.sen.hs.kr/
영락의료과학고등학교,고등학교,서울특별시 관악구 청룡16길 25,http://youngnak-c.sen.hs.kr
영신간호비즈니스고등학교,고등학교,서울특별시 노원구 중계로16나길 13,http://youngshin.sen.hs.kr
영신고등학교,고등학교,서울 영등포구 대방천로14길 18,http://www.ysh.or.kr
영신여자고등학교,고등학교,서울특별시 노원구 중계로16나길 13,http://ys.sen.hs.kr
영일고등학교,고등학교,서울특별시 강서구 등촌로51가길 26,http://youngil.hs.kr
영파여자고등학교,고등학교,서울특별시 송파구 올림픽로 565,http://youngpa.hs.kr
영훈고등학교,고등학교,서울특별시 강북구 도봉로13가길 19,http://www.younghoon.hs.kr
예림디자인고등학교,고등학교,서울특별시 구로구 오리로21길 2,http://yerim.sen.hs.kr
예일디자인고등학교,고등학교,서울특별시 은평구 연서로 117,http://yaledesign.sen.hs.kr
예일여자고등학교,고등학교,서울특별시 은평구 연서로 117,www.yale.hs.kr
오금고등학교,고등학교,서울특별시 송파구 중대로 247,http://ogeum.sen.hs.kr
오류고등학교,고등학교,서울특별시 구로구 오리로21길 2,http://oryu.hs.kr
오산고등학교,고등학교,서울특별시 용산구 보광로7길 17,http://www.osan.hs.kr
용문고등학교,고등학교,서울특별시 성북구 고려대로17가길 46,http://www.ymoon.hs.kr/
용산고등학교,고등학교,서울특별시 용산구 두텁바위로 60,http://yongsan.sen.hs.kr
용산철도고등학교,고등학교,서울특별시 용산구 서빙고로 24,https://yongsan-th.sen.hs.kr
용화여자고등학교,고등학교,서울특별시 노원구 동일로 1461,http://www.yonghwa.hs.kr/
우신고등학교,고등학교,서울특별시 구로구 부일로 917,http://wooshin.sen.hs.kr
원묵고등학교,고등학교,서울특별시 중랑구 숙선옹주로 82,http://wonmook.hs.kr
월계고등학교,고등학교,서울특별시 노원구 초안산로5길 66,http://wg.hs.kr
유한공업고등학교,고등학교,서울특별시 구로구 경인로 8,http://yuhan.sen.hs.kr
은광여자고등학교,고등학교,서울특별시 강남구 남부순환로359길 36,http://www.eunkwang.hs.kr
은평고등학교,고등학교,서울특별시 은평구 갈현로15길 47,http://ep.sen.hs.kr
은평메디텍고등학교,고등학교,서울특별시 은평구 진관2로 57-57,http://www.eunpyeong.hs.kr
이화여자고등학교,고등학교,서울특별시 중구 정동길,http://www.ewha.hs.kr
이화여자대학교병설미디어고등학교,고등학교,서울특별시 중랑구 망우로73길 56,https://ewhamedia.sen.hs.kr
이화여자대학교사범대학부속이화금란고등학교,고등학교,서울특별시 서대문구 성산로 560,http://edaebugo.sen.hs.kr
이화여자외국어고등학교,고등학교,서울특별시 중구 통일로4길 30,http://www.ewha-gfh.hs.kr
인덕과학기술고등학교,고등학교,서울특별시 노원구 초안산로 12,http://induk.sen.hs.kr
인창고등학교,고등학교,서울특별시 서대문구 경기대로 65,http://www.inchang.ne.kr
인헌고등학교,고등학교,서울특별시 관악구 인헌9길 74,inhun.sen.hs.kr
일신여자상업고등학교,고등학교,서울특별시 송파구 송파대로38길 8,http://ilshin.sen.hs.kr
자양고등학교,고등학교,서울특별시 광진구 뚝섬로37길 28,http://jayang.sen.hs.kr
자운고등학교,고등학교,서울특별시 도봉구 노해로69길 150,http://jawoon.sen.hs.kr
잠신고등학교,고등학교,서울특별시 송파구 잠실로 24,http://jamsin.sen.hs.kr
잠실고등학교,고등학교,서울특별시 송파구 올림픽로33길 71,http://jamsil.sen.hs.kr
잠실여자고등학교,고등학교,서울특별시 송파구 송파대로38길 8,http://www.jamsilg.hs.kr
잠일고등학교,고등학교,서울특별시 송파구 백제고분로 21,http://jamil.sen.hs.kr
장충고등학교,고등학교,서울특별시 중구 동호로15길 93,http://www.jangchung.hs.kr
장훈고등학교,고등학교,서울특별시 영등포구 영등포로64길 26,http://www.janghoon.hs.kr
재현고등학교,고등학교,서울특별시 노원구 덕릉로82길 64,http://jaehyun.sen.hs.kr
정신여자고등학교,고등학교,서울특별시 송파구 올림픽로4길 16,http://chungshin.sen.hs.kr
정의여자고등학교,고등학교,서울특별시 도봉구 노해로49길 69,http://jeongeui.sen.hs.kr
중경고등학교,고등학교,서울특별시 용산구 이촌로84길 34,http://jungkyung.hs.kr
중동고등학교,고등학교,서울특별시 강남구 일원로 7,www.joongdong.hs.kr
중산고등학교,고등학교,서울특별시 강남구 일원로14길 22,http://www.jungsan.hs.kr
중앙고등학교,고등학교,서울특별시 종로구 창덕궁길 164,http://choongang.sen.hs.kr
중앙대학교사범대학부속고등학교,고등학교,서울특별시 강남구 선릉로 207,http://www.cau.hs.kr
중앙여자고등학교,고등학교,서울특별시 서대문구 북아현로11가길 7,http://jungang-girls.sen.hs.kr
중화고등학교,고등학교,서울특별시 중랑구 봉화산로27길 62,http://www.jung-hwa.hs.kr
진관고등학교,고등학교,서울특별시 은평구 진관4로 26,http://www.jingwan.hs.kr
진명여자고등학교,고등학교,서울특별시 양천구 목동로 170,http://jm.sen.hs.kr
진선여자고등학교,고등학교,서울특별시 강남구 선릉로85길 27,http://www.jinseon.hs.kr
창덕여자고등학교,고등학교,서울특별시 송파구 양재대로 1240,http://changduk.sen.hs.kr
창동고등학교,고등학교,서울특별시 도봉구 노해로62길 7,http://changdong.sen.hs.kr
창문여자고등학교,고등학교,서울특별시 강북구 월계로 61,http://www.changmun.hs.kr
청담고등학교,고등학교,서울특별시 강남구 압구정로 419,http://www.chungdam.hs.kr
청량고등학교,고등학교,서울특별시 동대문구 왕산로 303,http://www.chungryang.hs.kr
청원고등학교,고등학교,서울특별시 노원구 한글비석로 506,http://www.cheongwon.hs.kr
청원여자고등학교,고등학교,서울특별시 노원구 한글비석로 506,http://www.cheongwon-gh.hs.kr
충암고등학교,고등학교,서울특별시 은평구 가좌로5길 5,http://cham.sen.hs.kr
태릉고등학교,고등학교,서울특별시 중랑구 신내로23길 36,http://taereung.sen.hs.kr
풍문고등학교,고등학교,서울특별시 강남구 자곡로 152,http://poongmoon.sen.hs.kr
하나고등학교,고등학교,서울특별시 은평구 연서로 535,http://www.hana.hs.kr
한가람고등학교,고등학교,서울특별시 양천구 목동서로 15,http://www.hangaram.hs.kr
한강미디어고등학교,고등학교,서울특별시 영등포구 선유로55길 22,http://www.hangang-ech.hs.kr
한광고등학교,고등학교,서울특별시 강서구 등촌로13길 110,www.hankwang.hs.kr
한국삼육고등학교,고등학교,서울특별시 노원구 화랑로 815,https://sahmyook.sen.hs.kr
한서고등학교,고등학교,서울특별시 강서구 양천로11길 47,http://hanseo.hs.kr
한성고등학교,고등학교,서울특별시 서대문구 북아현로1길 24,http://hanseong.sen.hs.kr
한성과학고등학교,고등학교,서울특별시 서대문구 통일로 279-79,https://hansungsh.sen.hs.kr
한성여자고등학교,고등학교,서울특별시 성북구 삼선교로16길 117,http://www.hansung-g.sen.hs.kr
한세사이버보안고등학교,고등학교,서울특별시 마포구 마포대로11길 44-80,http://www.hansei.org
한양공업고등학교,고등학교,서울특별시 중구 을지로 299,http://www.hanyang.hs.kr
한양대학교사범대학부속고등학교,고등학교,서울특별시 성동구 마조로 42,http://www.hanyang-u.hs.kr/
한영고등학교,고등학교,서울특별시 강동구 동남로 832,http://hanyoung.hs.kr
한영외국어고등학교,고등학교,서울특별시 강동구 동남로 832,http://hyfl.sen.hs.kr
해성국제컨벤션고등학교,고등학교,서울특별시 동대문구 전농로20길 31,http://www.haesung.hs.kr
해성여자고등학교,고등학교,서울특별시 동대문구 전농로20길 31,http://haesung-g.hs.kr
현대고등학교,고등학교,서울특별시 강남구 압구정로 127,http://www.hyundai.hs.kr
혜성여자고등학교,고등학교,서울특별시 노원구 노원로16길 2,http://www.hyesung.hs.kr
혜원여자고등학교,고등학교,서울특별시 중랑구 봉우재로58길 39,http://hyewon.sen.hs.kr
혜화여자고등학교,고등학교,서울특별시 강북구 인수봉로 127,http://hyehwa-h.sen.hs.kr
홍익대학교사범대학부속고등학교,고등학교,서울특별시 성북구 성북로14가길 23,hongik.sen.hs.kr
홍익대학교사범대학부속여자고등학교,고등학교,서울특별시 마포구 성미산로 51,http://hongik68.sen.hs.kr
홍익디자인고등학교,고등학교,서울특별시 마포구 성미산로 111,http://hid.sen.hs.kr
화곡고등학교,고등학교,서울특별시 강서구 강서로45길 69,http://hwagok.sen.hs.kr
화곡보건경영고등학교,고등학교,서울특별시 강서구 강서로45길 70,http://www.hwagok-gii.hs.kr
환일고등학교,고등학교,서울특별시 중구 환일길 47,https://www.hwanil.hs.kr
효문고등학교,고등학교,서울특별시 도봉구 우이천로 432,http://hyomun.sen.hs.kr
휘경공업고등학교,고등학교,서울특별시 동대문구 겸재로 21,http://hgt.sen.hs.kr
휘경여자고등학교,고등학교,서울특별시 동대문구 한천로 247,http://hwikyung.sen.hs.kr
휘문고등학교,고등학교,서울특별시 강남구 역삼로 541,http://www.whimoon.hs.kr/
휘봉고등학교,고등학교,서울특별시 동대문구 한천로 290,http://hwibong.sen.hs.kr
